id,name,description,keywords,url
A-1,鶏林 ～マジチキオオバヤシ～,私たちが焼きます！美味しい焼鳥を１つ１つ丁寧に心を込めて焼いています。１本でも10本でもお好きなメニューをすべて出来たてで提供いたします。ジューシーな味わいをぜひお楽しみ下さい。（イメージは大林先生です。）,屋台村,2-1:鶏林 ～マジチキオオバヤシ～:屋台村:１:10:すべて:イメージ:ジューシー:メニュー:丁寧:先生:出来たて:味わい:大林:心:提供:楽しみ:焼い:焼きます:焼鳥:私:込め,https://suishosai.netlify.com/events/A1.html
A-2,しげみうどん,つるっとしたのどごしのうどんにねぎ塩味のお肉をのせた特製うどん！！あなたも一度、ご賞味あれ！！限定メニューも...！？,2棟2階 3年2組教室,2-3:しげみうどん:2棟2階 3年2組教室:うどん:あなた:あれ:お肉:ご賞味:し:ねぎ:のせ:のどごし:メニュー:一度:塩味:特製:限定,https://suishosai.netlify.com/events/A2.html
A-3,やきそばうゑた屋,選べる5種類のトッピングで、様々な味を楽しむことができます。文化祭と言えば焼きそばというほどおなじみの食べ物ですが、麺と味付けにこだわり、絶対に皆さんを満足させてみせます！ぜひお越しください！！,屋台村,2-4:やきそばうゑた屋:屋台村:5:いう:おなじみ:お越し:こだわり:こと:でき:みせ:トッピング:味:味付け:文化:楽しむ:様々:満足:焼きそば:皆さん:言え:選べる:食べ物:麺,https://suishosai.netlify.com/events/A3.html
A-4,シャカぐちポテト,フライドポテト界の巨匠、我らが坂口監修のもとしゃかぐちポテトを開店します！！揚げたてホックホクのフライドポテトを好みに合わせて味付けできるようにしました。（マックのパクりではございません。）,屋台村,2-5:シャカぐちポテト:屋台村:ポテト:フライド:ぐち:ござい:し:しゃか:できる:もと:パクり:ホックホク:マック:合わせ:味付け:坂口:好み:巨匠:我ら:揚げたて:監修:開店,https://suishosai.netlify.com/events/A4.html
A-5,ステーキ丼だけ～,みんな大好きステーキ丼のここがポイント！　①焼きたてステーキに炊き立てのご飯　　　②厳選された究極のタレ―ガッツリ系からサッパリ系まで様々な味を楽しめます。     「このうまさ、どんだけ～～～」,2棟1階 3年4組教室,2-7:ステーキ丼だけ～:2棟1階 3年4組教室:ステーキ:系:ここ:ご飯:みんな:タレ:ポイント:厳選:味:楽し:様々:焼きたて:究極,https://suishosai.netlify.com/events/A5.html
A-6,いっちゃん総本店,本格的な広島のお好み焼きをお届けします！味に一番の自信アリ！翠翔祭グランプリを目指す我々の本気をご覧下さい！店名は、広島の名店みっちゃんと、２－９の担任である石澤先生のい″をかけて名付けました。,屋台村,2-9:いっちゃん総本店:屋台村:広島:い:お好み焼き:お届け:かけ:ご覧:みっちゃん:アリ:グランプリ:一:先生:名付け:名店:味:店名:我々:担任:本気:目指す:石澤:翠翔:自信:２:９,https://suishosai.netlify.com/events/A6.html
A-7,格子点の個数を求めなさい,サクサクでふわふわの食感がたまらない焼きたての香ばしいワッフルはいかがですか？横浜翠嵐高校理系のプライドにかけて、最高の格子点を提供します！,2棟1階 3年6組教室,3-7:格子点の個数を求めなさい:2棟1階 3年6組教室:いかが:かけ:ふわふわ:プライド:ワッフル:提供:最高:格子:横浜:点:焼きたて:理系:翠嵐高校:食感,https://suishosai.netlify.com/events/A7.html
B-1,SUIRAN BUCKS,緑のエプロン、甘いラテの香り、そうここは翠嵐バックス～sbux～　　　　　　　　横浜の喧騒に疲れ、一息つきたくなった、そんなあなたをsbuxは待っています。是非sbuxで至福のひと時をお過ごしください。,2棟3階 2年3組教室,1-1:SUIRAN BUCKS:2棟3階 2年3組教室:sbux:あなた:ここ:ひと時:エプロン:バックス:ラテ:一息つき:喧騒:待っ:横浜:疲れ:緑:翠嵐:至福:過ごし:香り,https://suishosai.netlify.com/events/B1.html
B-2,おじゃわ teaCHA,定番の味から人気の味まで、いろいろな種類のタピオカドリンクを揃えてお待ちしています！おいしいタピオカドリンクを、お手頃価格で飲むことができるチャンスです！ぜひ来てください！,2棟3階 2年2組教室,2-2:おじゃわ teaCHA:2棟3階 2年2組教室:タピオカ:ドリンク:味:いろいろ:こと:し:できる:チャンス:人気:価格:定番:待ち:揃え:来:種類:飲む,https://suishosai.netlify.com/events/B2.html
B-3,CATS,文化祭ではめったにお目にかかれない猫カフェ。普段行きたいけどお金が…、そんな人は是非来てください！もちろん地域最安値です。最高に冷えたクレープでインスタ映えも狙っちゃいましょう!!,2棟1階 3年6組教室,2-8:CATS:2棟1階 3年6組教室:お目にかか:お金:インスタ:カフェ:クレープ:人:冷え:地域:文化:普段:最安値:最高:来:狙っ:猫:行き,https://suishosai.netlify.com/events/B3.html
B-4,ブルゥ　スィール,沖縄発！あのブルーシールが翠嵐に登場！！キンキンに冷えた１０種類以上のアイスを用意しています。その時間帯しか食べられない限定の味もあるかも！？このチャンスを見逃すな！！,2棟3階 2年4組教室,3-2:ブルゥ　スィール:2棟3階 2年4組教室:ある:アイス:チャンス:ブルーシール:冷え:味:帯:時間:沖縄:用意:登場:翠嵐:見逃す:限定:食べ:１０,https://suishosai.netlify.com/events/B4.html
B-5,Me too eat CHURROS,チュロスの本場・鎌倉の超人気店「KAMAKURA CHURROUS」の味をそのまま楽しめます！内装にもこだわったので是非みにきてください。,2棟2階 3年1組教室,3-4:Me too eat CHURROS:2棟2階 3年1組教室:CHURROUS:KAMAKURA:き:こだわっ:み:チュロス:人気店:内装:味:本場:楽し:鎌倉,https://suishosai.netlify.com/events/B5.html
B-6,ポップコーンモンスター,塩味・キャラメル味・醤油バター味・カレー味の４種類のポップコーンを販売します。かわいい店内でセサミストリートのキャラクターたちと写真をとれるコーナーもあります。ぜひお立ち寄り下さい！,2棟1階 3年5組教室,3-5:ポップコーンモンスター:2棟1階 3年5組教室:味:あり:お立ち寄り:と:カレー:キャラクター:キャラメル:コーナー:ストリート:セサミ:バター:ポップコーン:写真:塩味:店内:販売:醤油:４,https://suishosai.netlify.com/events/B6.html
B-7,茶道部,茶道部員が心を込めてお抹茶を点てます。美味しいお抹茶と季節に合ったお菓子で、ちょっと一息しませんか？,2棟3階 3年3組教室,茶道部:茶道部:2棟3階 3年3組教室:抹茶:お菓子:し:一息:合っ:季節:心:点て:茶道:込め:部員,https://suishosai.netlify.com/events/B7.html
B-8,翠嵐万十博物館,生物部では、今年も翠嵐まんじゅうを販売します！それに加えて飼育生物の展示や生物室に収蔵している標本も公開します！体験や実演も行いますので是非生物室にいらして下さい！待ってます！！,3棟1階 生物室,生物部:翠嵐万十博物館:3棟1階 生物室:生物:い:それ:まんじゅう:今年:体験:公開:加え:収蔵:実演:展示:待っ:標本:翠嵐:行い:販売:飼育,https://suishosai.netlify.com/events/B8.html
C-1,Art club,作品展示、アクセサリーやストラップの販売に加えて、毎年大好評のUVレジン体験も行います！あなたも自分だけのストラップを作ってみませんか？初心者でも大歓迎です！ぜひお越しください！,2棟1階 翠翔みらい館A,美術部:Art club:2棟1階 翠翔みらい館A:ストラップ:UV:あなた:お越し:アクセサリー:レジン:体験:作っ:作品:初心者:加え:大歓迎:展示:自分:行い:販売,https://suishosai.netlify.com/events/C1.html
C-2,【新コーナー】 シメキリリッリ,何気ない締切が漫研部員を傷つけた。一体何が始まるんです？ああ、ごめん。ヘルシェイク矢野のこと考えてた（訳：漫画研究部では部誌の無料配布、原稿展示、ラミカの販売をしています！お絵描きコーナーもあります）,2棟1階 翠翔みらい館A,漫画研究部:【新コーナー】 シメキリリッリ:2棟1階 翠翔みらい館A:あり:こと:ごめん:し:コーナー:シェイク:ヘル:ラミカ:一体:何:傷つけ:原稿:始まる:展示:漫画:漫研:無料:矢野:研究:絵描き:締切:考え:訳:誌:販売:部:部員:配布,https://suishosai.netlify.com/events/C2.html
E-1,CANDY  A☆GO☆RO！,１－３です！今回の翠翔祭では、ミニゲームとお菓子の詰め合わせのお店を企画・運営します！小さいお子様から大人の方まで楽しめるよう、雰囲気作りにも力を入れているのでぜひおこし下さい！,2棟4階 1年5組教室,1-3:CANDY  A☆GO☆RO！:2棟4階 1年5組教室:おこし:お子様:お店:お菓子:ゲーム:今回:企画:入れ:力:大人:方:楽し:翠翔:詰め合わせ:運営:雰囲気:１:３,https://suishosai.netlify.com/events/E1.html
E-3,吉吉神社,昔々、横浜の高台に２人の神様がいました。名を吉水神、吉川神といいます。そして、人々は学力の向上を祈願して、学力の神様である２人を祀ることにしたのでした．．．(ただの縁日です),2棟2階 2年9組教室,1-6:吉吉神社:2棟2階 2年9組教室:学力:神様:２:い:いい:こと:し:ただ:人々:吉:吉川:名:向上:昔々:横浜:水神:祀る:祈願:神:縁日:高台,https://suishosai.netlify.com/events/E3.html
E-4,ゴキげんよう,勉強、家事、仕事、人間関係・・・ストレスに耐えながら生きる現代人よ。今こそ立ち上がり、水風船を持て。たまりにたまったストレスをゴキブリ(部員)にぶつけるのだ！,2棟2階 3年1組教室,ハンドボール部:ゴキげんよう:2棟2階 3年1組教室:ストレス:たまっ:たまり:ぶつける:ゴキブリ:人間:仕事:勉強:家事:持て:水:現代人:生きる:立ち上がり:耐え:部員:関係:風船,https://suishosai.netlify.com/events/E4.html
E-5,菜摘王の称号を目指せ！,こんにちは！バドミントン部です！的を狙ってシャトルを投げ、高得点を目指そう！参加賞もあるよ！安価に遊べるので気軽に来てね！まってまーす！,藤棚,バドミントン部:菜摘王の称号を目指せ！:藤棚:ある:す:まっ:シャトル:バドミントン:参加:安価:得点:投げ:来:狙っ:的:目指そ:遊,https://suishosai.netlify.com/events/E5.html
E-6,隠密,気になるあのコの写真、欲しくありませんか？我ら隠密は、依頼に基づいて対象を捜索し、撮影いたします。先生でも生徒でもＯＫ！来場者の方々の記念撮影も行いますので、お気軽にお声かけください。,1棟2階 3年8組教室,有志:隠密:1棟2階 3年8組教室:撮影:あり:なる:コ:依頼:先生:写真:基づい:声かけ:対象:我ら:捜索:方々:来場者:気:生徒:行い:記念:隠密:ＯＫ,https://suishosai.netlify.com/events/E6.html
E-7,令和でパイ投げつれーわ,新しい環境、新しい元号、ブラックスクールや企業。そろそろストレス溜まってきてませんか？そのストレス、バスケ部員が体を張って受けとめます！指名も可能、ぜひ一度パイ投げをしに藤棚へ足を運んでみて下さい！,藤棚,男子バスケットボール部:令和でパイ投げつれーわ:藤棚:ストレス:し:スクール:バスケ:パイ:ブラック:一度:企業:体:元号:受けとめ:可能:張っ:投げ:指名:溜まっ:環境:藤棚:足:運ん:部員,https://suishosai.netlify.com/events/E7.html
E-8,神社　オブ　テラー,あなたは、この恐怖にたえられるか。この神社に一歩足を踏み入れたら最期、あなたはこの悪夢から逃れることはできない。横浜翠嵐高校一年二組がお届けする「神社オブテラー」。命ある限り、叫べ、叫べ、叫びまくれ！,2棟4階 1年7組教室,1-2:神社　オブ　テラー:2棟4階 1年7組教室:あなた:一:叫:神社:ある:お届け:こと:たえ:でき:オブ:テラー:二:叫び:命:恐怖:悪夢:最期:横浜:翠嵐高校:足:踏み入れ:逃れる:限り,https://suishosai.netlify.com/events/E8.html
F-1,VSi嵐,横浜翠嵐高校に、V◯嵐のセットが出現!?一回挑戦してみたかったアレが、1年4組の教室で再現されています。ボールを蹴って標的を倒し、高得点をとろう！翠嵐クオリティのキッ◯ングスナイパーをご提供します！,2棟3階 2年3組教室,1-4:VSi嵐:2棟3階 2年3組教室:1:4:ご提供:とろ:アレ:クオリティ:セット:ボール:ングスナイパー:一:倒し:再現:出現:嵐:得点:挑戦:教室:標的:横浜:翠嵐:翠嵐高校:蹴っ,https://suishosai.netlify.com/events/F1.html
F-2,ハウルのめっちゃ動く的,ハウルの的を動かし、たおした的の数によって賞品がもらえます。参加賞もあるので、ぜひ気楽に来てください。２棟３階の一番端の教室でやっているので、立ち寄ってください。お待ちしております。,2棟4階 1年6組教室,1-8:ハウルのめっちゃ動く的:2棟4階 1年6組教室:的:ある:お待ち:たおし:もら:やっ:よっ:ハウル:動かし:参加:教室:数:来:気楽:立ち寄っ:端:賞品:２:３,https://suishosai.netlify.com/events/F2.html
F-3,投げ処　TAKASHI,あなたは本物の枕投げを知っているか。高度なかけひき、あふれでる知性で相手を圧倒せよ。どうでもいいことに情熱を注いだあの頃を思い出せ。来たれ、挑戦者。,2棟4階 1年6組教室,1-9:投げ処　TAKASHI:2棟4階 1年6組教室:あなた:あふれでる:かけひき:こと:圧倒:思い出せ:情熱:投げ:挑戦者:本物:来たれ:枕:注い:相手:知っ:知性:頃:高度,https://suishosai.netlify.com/events/F3.html
F-4,文芸部が部誌を無料で配布するよ,俳句、短歌、小説等を収録した部誌『千草』の無料配布を行います。俳句の展示もありますので、是非お立ち寄りください。運が良ければ部員に出会えるかも……？,2棟4階 1年2組教室,文芸部:文芸部が部誌を無料で配布するよ:2棟4階 1年2組教室:俳句:あり:お立ち寄り:出会:千草:収録:小説:展示:無料:短歌:行い:誌:運:部:部員:配布,https://suishosai.netlify.com/events/F4.html
F-5,シンジて撃て！,教室のドアを開くと、ヘンな世界が広がっていた？！迫り来る敵を打ち倒す、３次元シューティングゲーム！！――自分をシンジて,2棟1階 3年4組教室,3-1:シンジて撃て！:2棟1階 3年4組教室:――:ゲーム:シューティング:シンジ:ドア:ヘン:世界:広がっ:打ち倒す:教室:敵:来る:自分:迫り:開く:３,https://suishosai.netlify.com/events/F5.html
F-6,補講なんてほっとこう,やればできるのに真面目に授業を受けない生徒グループがある日先生に補講で呼び出された。何度目かの呼び出しに彼らはいつもサボり場所として使っている教室へ向かうが……（詳しくはQRコード！）※脱出ゲームです,2棟3階 1年8組教室,3-6:補講なんてほっとこう:2棟3階 1年8組教室:QR:し:できる:やれ:グループ:ゲーム:コード:サボり:何度目:使っ:先生:受け:向かう:呼び出さ:呼び出し:場所:彼ら:授業:教室:生徒:真面目:脱出:補講,https://suishosai.netlify.com/events/F6.html
F-7,IMPOSSIBLE,不可能と言われる、ある監獄からの脱出を図る…君は、数々の暗号を解読し、脱獄することが出来るのか！？,2棟3階 2年1組教室,3-8:IMPOSSIBLE:2棟3階 2年1組教室:こと:不可能:出来る:君:図る:数々:暗号:監獄:脱出:脱獄:解読:言わ,https://suishosai.netlify.com/events/F7.html
F-8,招待試合,毎年行われている翠翔祭での野球部の招待試合。野球に興味がある方もない方も、ぜひグラウンドに足を運んでみて下さい。主砲鈴木の一発に期待。,校庭,野球部:招待試合:校庭:方:野球:ある:グラウンド:主砲:招待:期待:翠翔:興味:行わ:足:運ん:鈴木,https://suishosai.netlify.com/events/F8.html
F-9,なんで、私が クイ研に!?,クイズ研究部ではテレビで見るような早押しやビジュアルクイズの体験に加えて、クイズビンゴという新しいルールを用意しました。科目別能力別授業と５５段階個別指導のダブル教育で、みなさんをクイズ王へと導きます。,2棟4階 1年3組教室,クイズ研究部:なんで、私が クイ研に!?:2棟4階 1年3組教室:クイズ:いう:みなさん:クイズ王:ダブル:テレビ:ビジュアル:ビンゴ:ルール:体験:個別:加え:導き:指導:授業:教育:早押し:段階:用意:研究:科目:能力:見る:５５,https://suishosai.netlify.com/events/F9.html
F-10,パシられ隊,校舎内をうろうろ歩き回っている女バス３年を見つけて、声をかけてください！出来る範囲で頼まれたことをやります！,校舎内,女子バスケットボール部:パシられ隊:校舎内:かけ:こと:やり:バス:出来る:声:女:校舎:歩き回っ:範囲:見つけ:頼ま:３,https://suishosai.netlify.com/events/F10.html
F-11,棋道部,将棋、囲碁、オセロ等々、様々なボードゲームを楽しめます。初心者から有段者、子供から大人までどなたでも大歓迎です！くつろぎの場としての利用もどうぞ！,3棟2階 物理室,棋道部:棋道部:3棟2階 物理室:くつろぎ:し:どなた:オセロ:ゲーム:ボード:初心者:利用:囲碁:場:大人:大歓迎:子供:将棋:有段者:楽し:様々,https://suishosai.netlify.com/events/F11.html
F-12,ストラックアウト,男女硬式テニス部のストラックアウトです。参加するとお菓子がもらえるかも!?校舎三棟のプール横です。君もエースをねらえ！ボールを投げて日頃のストレスを発散しちゃいましょう（笑）ぜひ来てください。,プール前,男女硬式テニス部:ストラックアウト:プール前:お菓子:ねらえ:もら:エース:ストラックアウト:ストレス:テニス:プール:ボール:三:参加:君:投げ:日頃:来:校舎:横:男女:発散:硬式,https://suishosai.netlify.com/events/F12.html
F-13,招待試合,文化祭といえば招待試合、招待試合といえば文化祭‼どうも、サッカー部です!毎年大好評の招待試合が今年も翠嵐グラウンドにて行われます!ぜひ見に来てください!,校庭,サッカー部:招待試合:校庭:招待:いえ:文化:試合:グラウンド:サッカー部:今年:来:翠嵐:行わ:見,https://suishosai.netlify.com/events/F13.html
F-14,翠嵐かるた会,昨年新設の競技かるた同好会です。翠翔祭では競技かるたのデモンストレーション、体験を行います。百人一首を覚えていなくても大丈夫です！“ちはやふる”の世界を体験してみませんか？ぜひ足を運んでみてください！,2棟4階 1年4組教室,競技かるた同好会:翠嵐かるた会:2棟4階 1年4組教室:かるた:体験:競技:ちはやふる:デモンストレーション:世界:同好会:新設:昨年:百人一首:翠翔:行い:覚え:足:運ん,https://suishosai.netlify.com/events/F14.html
F-15,MOGURAS[COMMA] INC.,翠嵐高校にモンスターズインクの世界への扉が現れた！！！！扉を開けてモンスターを倒そう！え？君は怖がりなのかい？それなら扉の裏側にまわってモンスターとして人間の悲鳴を集めよう！,2棟2階 2年9組教室,3-3:MOGURAS[COMMA] INC.:2棟2階 2年9組教室:扉:モンスター:し:それ:まわっ:モンスターズインク:世界:人間:倒そ:君:怖がり:悲鳴:現れ:翠嵐高校:裏側:開け:集めよ,https://suishosai.netlify.com/events/F15.html
F-16,ミリオンGo！,君は緊張の限界を知っているか…？スプーンにピンポン玉を乗せて、ゴールまで運べ！集中を切らした瞬間、君を待ちうけるものは？極限の緊張からもたらされる快感を、あなたも体験しよう。今すぐ教室へGO！,2棟3階 2年4組教室,陸上部:ミリオンGo！:2棟3階 2年4組教室:君:緊張:GO:あなた:もたらさ:もの:ゴール:スプーン:ピンポン:乗せ:体験:切ら:待ちうける:快感:教室:極限:玉:瞬間:知っ:運べ:限界:集中,https://suishosai.netlify.com/events/F16.html
F-17,迷探偵コナソ,平穏な日常が続いていた７組で、突如起こった殺人事件。そこに残されていたいくつかの手がかりから犯人を導き、事件を解決することができるのか？全てはあなたの推理力にかかっています！真実はいつも１つ!!,2棟4階 1年1組,1-7:迷探偵コナソ:2棟4階 1年1組:事件:あなた:いくつか:かかっ:こと:そこ:できる:全て:導き:平穏:手がかり:推理:日常:残さ:殺人:犯人:真実:続い:解決:起こっ:１:７,https://suishosai.netlify.com/events/F17.html
F-18,GAME CENTER OPEN,翠嵐クオリティーのゲームセンターがOPEN！色々なゲームで楽しもう！,2棟4階 1年3組教室,2-6:GAME CENTER OPEN:2棟4階 1年3組教室:ゲーム:OPEN:クオリティー:センター:楽しも:翠嵐:色々,https://suishosai.netlify.com/events/F18.html
F-19,鉄道研究同好会,鉄道研究同好会では、鉄道模型の展示や部員が撮影した写真の展示、実際に調査したことをまとめた壁新聞の掲示や発車ベルスイッチ操作体験など、様々なことを行っています。少しでも興味のある方はぜひ来てください。,2棟2階 3年2組教室,鉄道研究会:鉄道研究同好会:2棟2階 3年2組教室:こと:展示:鉄道:ある:まとめ:スイッチ:ベル:体験:写真:同好会:壁新聞:実際:少し:掲示:撮影:操作:方:来:様々:模型:発車:研究:興味:行っ:調査:部員,https://suishosai.netlify.com/events/F19.html
F-20,Pirates ・ of ・ けいちゃん,ＶＯ嵐・Ｏの体育会ＴＶの人気ゲームを無料で楽しめます。人数は何人でもＯＫ！！気軽に参加してください。仲間と協力してハイスコアを目指そう！！,2棟1階 3年5組教室,1-5:Pirates ・ of ・ けいちゃん:2棟1階 3年5組教室:ゲーム:ハイスコア:人数:人気:仲間:体育会:何人:協力:参加:嵐:楽し:無料:目指そ:Ｏ:ＯＫ:ＴＶ:ＶＯ,https://suishosai.netlify.com/events/F20.html
F-21,翠和会,無料休憩所「翠和会茶房」にて冷たいお茶を用意しています。無料なのでお気軽にお立ち寄りください。毎年ご好評いただいているオリジナルグッズの販売も☺翠翔祭の記念に、お土産にいかがでしょう。,2棟1階 翠翔みらい館B,翠和会:翠和会:2棟1階 翠翔みらい館B:無料:いかが:いただい:お土産:お立ち寄り:お茶:ご好評:オリジナル:グッズ:休憩所:和会:毎年:用意:翠:翠翔:茶房:記念:販売,https://suishosai.netlify.com/events/F21.html
G-1,CATASＴROPHE -呪われた鉱山-,この鉱山は、相次ぐ行方不明者により２週間前から封鎖されている。何人もが調査に向かったが、誰一人として戻らなかった。今、トロッコに乗り真相を究明し、無事に帰還してほしい。幸運を祈る。,2棟3階 2年5組教室,3-9:CATASＴROPHE -呪われた鉱山-:2棟3階 2年5組教室:し:より:トロッコ:乗り:今:何人:向かっ:封鎖:帰還:幸運:戻ら:無事:相次ぐ:真相:祈る:究明:行方不明:調査:鉱山:２,https://suishosai.netlify.com/events/G1.html
H-1,Change the World～科学部～,科学部ではレゴや分子のゲーム、１年生のピタゴラスイッチ、今までの活動での製作物の展示や面白い実験をやります。理科に興味がある人もない人も是非化学室に来て、理科の楽しさを体感しましょう。,3棟1階 化学室,科学部:Change the World～科学部～:3棟1階 化学室:人:理科:ある:やり:ゲーム:ピタゴラスイッチ:レゴ:体感:分子:化学:実験:展示:来:活動:科学:興味:製作物:１,https://suishosai.netlify.com/events/H1.html
H-2,トラッシュバスターず,すぐにあふれてしまい、分別しにくい既存のゴミ箱の問題点を解決し、新たなゴミ箱を作りました。会場内に設置していますので、ぜひご利用ください。生徒会執行部も資源が分別、再生されることを応援しています。,会場なし,生徒会:トラッシュバスターず:会場なし:ゴミ箱:分別:あふれ:こと:ご利用:会場:作り:再生:問題点:執行:応援:既存:生徒会:解決:設置:資源,https://suishosai.netlify.com/events/H2.html
H-3,書道部,部員それぞれが個性を発揮して制作した作品を展示しています。“書道”という芸術を心で感じてみませんか。きっと日頃のストレスが解消するはずです。日々の活動の成果を是非ご覧ください。,2棟4階 1年2組教室,書道部:書道部:2棟4階 1年2組教室:いう:ご覧:それぞれ:はず:ストレス:作品:個性:制作:展示:心:感じ:成果:日々:日頃:書道:活動:発揮:芸術:解消:部員,https://suishosai.netlify.com/events/H3.html
H-4,国際交流委員会,国際交流委員会で行った活動の報告と紹介を掲示式で行います。また、姉妹校のルーズベルト高校に訪問した際の写真を展示し、紹介します。来校者向けに質疑応答も行うので、気軽に見に来てください。,2棟2階 3年3組教室,国交委員:国際交流委員会:2棟2階 3年3組教室:紹介:ルーズベルト:交流:写真:国際:報告:姉妹校:委員会:展示:応答:掲示:来:来校:活動:行い:行う:行っ:見:訪問:質疑:際:高校,https://suishosai.netlify.com/events/H4.html
H-5,数学研究部,数学研究部では、自作した様々なテーマの論文をまとめた翠数誌の配布とその講義を行います。頭の体操にちょうどいいので、ぜひ来て下さい！,2棟3階 2年2組教室,数学研究部:数学研究部:2棟3階 2年2組教室:まとめ:テーマ:体操:数:数学:来:様々:研究:翠:自作:行い:論文:講義:配布:頭,https://suishosai.netlify.com/events/H5.html
H-6,IT研究部,IT研究部では自作ゲームの展示を行います。校章を飛ばして教科書と文房具を倒すゲームを作りました。日頃のストレスを発散しましょう！ルンバのシューティングゲーム、テトリスもあります。ぜひ来てください！,2棟4階 1年4組教室,ＩＴ研究部:IT研究部:2棟4階 1年4組教室:ゲーム:IT:あり:シューティング:ストレス:テトリス:ルンバ:作り:倒す:展示:教科書:文房具:日頃:来:校章:発散:研究:自作:行い:飛ばし,https://suishosai.netlify.com/events/H6.html
H-7,保健委員会,「ほけんだよりセレクション」の展示を行います。様々な役立つ情報を見ることができるので、皆さんぜひ足を運んでください！,2棟2階 2年8組教室,保健委員会:保健委員会:2棟2階 2年8組教室:こと:できる:ほけん:セレクション:展示:役立つ:情報:様々:皆さん:行い:見る:足:運ん,https://suishosai.netlify.com/events/H7.html
H-8,写真部,行事写真から大会で撮影したもの、部員の日常の１コマまで、とっておきの一枚を展示します。是非お立ち寄りください！,2棟4階 1年2組教室,写真部:写真部:2棟4階 1年2組教室:お立ち寄り:とっておき:もの:一枚:写真:大会:展示:撮影:日常:行事:部員:１,https://suishosai.netlify.com/events/H8.html
I-1,放送委員会映像班,日頃から映像班は映像を制作しています。学校紹介ビデオや全国大会での入選作品を上映します。休憩ついでにでもぜひ覗いてみて下さい。来たれ！,2棟4階 1年4組教室,SHBC:放送委員会映像班:2棟4階 1年4組教室:映像:ビデオ:上映:休憩:作品:入選:全国大会:制作:学校:日頃:来たれ:班:紹介:覗い,https://suishosai.netlify.com/events/I1.html
I-2,ふしぎな短編演劇,われわれ演劇部は、２０分前後の短編演劇を上映します。観劇が初めての人も是非ご気軽にお立寄りください。個性豊かな部員たちによる不思議で愉快な芝居をお届けします。さあ、貴方もワンダーランドへようこそ…,2棟3階 1年9組教室,演劇部:ふしぎな短編演劇:2棟3階 1年9組教室:演劇:お届け:よる:われわれ:ワンダーランド:上映:不思議:人:個性:初めて:愉快:短編:立寄り:芝居:観劇:貴方:部員:２０,https://suishosai.netlify.com/events/I2.html
J-1,ポピュラーソング部,ポピュラーソング部部員がライブを行います!かっこいいバンドからかわいいバンドまで多種多様な演奏はあなたを楽しませること間違いなし!!ぜひ見に来てください!☆彡,3棟1階 テキサス,ポプソン:ポピュラーソング部:3棟1階 テキサス:バンド:あなた:こと:ソング:ポピュラー:ライブ:多種多様:来:楽しま:演奏:行い:見:部員,https://suishosai.netlify.com/events/J1.html
K-1,Clear Cider,こんにちは！2年生バンドのClearCiderです！！5人でしか成り立たない、サイダーのように弾けた爽快感溢れる演奏を、ぜひ聴きに来てください！藤棚でお待ちしてます♩,藤棚,ポピュラーソング部:Clear Cider:藤棚:2:5:ClearCider:お待ち:サイダー:バンド:弾け:成り立た:来:溢れる:演奏:爽快感:聴き:藤棚,https://suishosai.netlify.com/events/K1.html
K-2,箪笥,こんにちは箪笥(たんす)です！！箪笥はボーカル、ギター、ベース、キーボード、ドラムから成る5人組バンドです。3年間培ったパワーを皆さんに見せつけ、翠嵐イコール勉強のイメージを払拭します！！,藤棚,ポピュラーソング部:箪笥:藤棚:箪笥:3:5:たんす:イコール:イメージ:キーボード:ギター:ドラム:バンド:パワー:ベース:ボーカル:勉強:培っ:成る:払拭:皆さん:翠嵐:見せつけ,https://suishosai.netlify.com/events/K2.html
K-3,スマルト,Aimerなどのバラード曲をバンドで演奏します！,藤棚,ポピュラーソング部:スマルト:藤棚:Aimer:バラード:バンド:曲:演奏,https://suishosai.netlify.com/events/K3.html
K-4,さけいくら,素朴ながらも安心の味わい。さけいくらの演奏をどうぞお楽しみください。,藤棚,ポピュラーソング部:さけいくら:藤棚:いくら:さけ:味わい:安心:楽しみ:演奏:素朴,https://suishosai.netlify.com/events/K4.html
K-5,Vegetable's,Vegetable'sは個性溢れる5種類の野菜達による、市場直の新鮮で良品質のステージをお届けします！藤棚ライブでは青空の下、たくさん光合成をして最高の演奏をするので栄養たっぷり！ぜひお越しください！,藤棚,ポピュラーソング部:Vegetable's:藤棚:5:Vegetable's:お届け:お越し:し:する:たくさん:よる:ステージ:ライブ:下:個性:光合成:市場:新鮮:最高:栄養:溢れる:演奏:直:良品質:藤棚:野菜:青空,https://suishosai.netlify.com/events/K5.html
K-6,圧倒的庶民派,独特なバンド名だが、演奏曲はJ-POP・ROCKを主としていて、彼らなりの魅力で観客を巻き込む。ボーカルを務める岩倉龍一の秀逸なトークにも注目だ。,藤棚,ポピュラーソング部:圧倒的庶民派:藤棚:J-POP:ROCK:い:トーク:バンド:ボーカル:務める:岩倉:巻き込む:彼ら:注目:演奏曲:独特:観客:魅力:龍一,https://suishosai.netlify.com/events/K6.html
K-7,MINT BLUE,吹奏楽部3年による有志団体です。藤棚にてポップスの演奏をします。皆さんがご存知の曲もたくさん演奏します！ぜひお越しください！,藤棚,吹奏楽部3年:MINT BLUE:藤棚:演奏:3:お越し:ご存知:し:たくさん:よる:ポップス:吹奏楽部:団体:曲:有志:皆さん:藤棚,https://suishosai.netlify.com/events/K7.html
K-8,裏Ms.翠嵐,翠嵐が誇る女装男子！！女子より可愛いと名高い彼女らのパフォーマンスをご覧あれ！！<br>当日は、シチュエーションバトルと2ショットチェキ撮影会を行います。,藤棚,翠翔祭実行委員会総務部3年:裏Ms.翠嵐:藤棚:2:br:あれ:ご覧:シチュエーション:ショット:チェキ:バトル:パフォーマンス:女子:女装:当日:彼女:撮影会:男子:翠嵐:行い:誇る,https://suishosai.netlify.com/events/K8.html
K-9,すぱげてぃ,私たち「すぱげてぃ」は、吹奏楽部1~3年生の男子のみで構成されています。今年は某有名ゲームのBGMなど、皆さんも一度は聴いたことのある曲を演奏します。ぜひ藤棚にお越しください。,藤棚,吹奏楽部:すぱげてぃ:藤棚:1:3:BGM:ある:お越し:こと:す:ゲーム:一度:今年:吹奏楽部:曲:有名:構成:演奏:男子:皆さん:私:聴い:藤棚,https://suishosai.netlify.com/events/K9.html
K-10,オパビニアの子孫,Spitzのコピバンです,藤棚,ポピュラーソング部:オパビニアの子孫:藤棚:Spitz:コピ:バン,https://suishosai.netlify.com/events/K10.html
K-11,Ms.&Mr. 翠嵐,翠嵐高校の美男美女が一堂に会する最強の祭典が今年も開催されます！ぜひみにきてください！,藤棚,サッカー部:Ms.&Mr. 翠嵐:藤棚:き:み:一堂:今年:会する:最強:祭典:美女:美男:翠嵐高校:開催,https://suishosai.netlify.com/events/K11.html
K-12,プリティダンスバトル,試合が終わり家路につくテニス部員たち、疲れからか、不幸にも黒塗りの高級車に追突してしまう。部活をかばい、すべての責任を負った鶴留に、車の主藤田が差し出した示談の条件とは...?いざ、参る!!,体育館,男女テニス部:プリティダンスバトル:体育館:かばい:すべて:つく:テニス:不幸:参る:家路:差し出し:条件:疲れ:示談:終わり:藤田:試合:負っ:責任:車:追突:部員:部活:高級:鶴留:黒塗り,https://suishosai.netlify.com/events/K12.html
L-2,サッカー部,サッカー部2年による演劇です。低予算な制作費を駆使してどうにか人様に見せられるように尽力しました。内輪ネタは極力避けたので暇があったら休憩がてら見に来てください。席は多分空いてます。,体育館ステージ,サッカー部:サッカー部:体育館ステージ:2:あっ:よる:サッカー部:ネタ:予算:人様:休憩:内輪:制作:尽力:席:暇:来:演劇:空い:見:見せ:避け:駆使,https://suishosai.netlify.com/events/L2.html
L-3,朝鮮中高級学校,朝鮮中高級学校の舞踊部の方々を招待して、朝鮮の民族舞踊を踊っていただきます。華やかな衣装を身にまとい踊る姿に心動かされます。普段は見ることができない貴重な体験となります。ぜひ足を運んで見てください。,体育館ステージ,国際交流委員会:朝鮮中高級学校:体育館ステージ:朝鮮:舞踊:こと:でき:なり:まとい:中高級:体験:動かさ:姿:学校:心:招待:方々:普段:民族:衣装:見:見る:足:踊っ:踊る:身:運ん,https://suishosai.netlify.com/events/L3.html
L-4,YSDC ~嵐踊者~,こんにちは、YSDCことダンス部です！ダンス部は1~3年生の計60人で活動しています。ステージ発表では、幅広いジャンルのダンスを披露します。手拍子・歓声大歓迎！翠嵐グランプリへの投票お願いします！！,体育館ステージ,ダンス部:YSDC ~嵐踊者~:体育館ステージ:ダンス:1:3:60:YSDC:お願い:こと:グランプリ:ジャンル:ステージ:大歓迎:手拍子:投票:披露:歓声:活動:発表:翠嵐,https://suishosai.netlify.com/events/L4.html
L-5,スイラン！ブラバン！ビックバン！！,翠嵐高校吹奏楽部、略してSWOです！私たちは1年生13人、2年生21人で毎日活動しています。今年の翠翔祭も、皆さんが知っているあんな曲やこんな曲をたくさん演奏します。ぜひ体育館へお越しください！,体育館ステージ,吹奏楽部:スイラン！ブラバン！ビックバン！！:体育館ステージ:曲:1:13:2:21:SWO:お越し:たくさん:今年:体育館:吹奏楽部:毎日:活動:演奏:略し:皆さん:知っ:私:翠嵐高校:翠翔,https://suishosai.netlify.com/events/L5.html
L-6,Suiran String Orchestra 2019,弦楽部です！落ち着いたクラシック曲や、弦楽器での一味違うポップスを演奏します。ぜひ体育館に立ち寄ってみて下さい♩,体育館ステージ,弦楽部:Suiran String Orchestra 2019:体育館ステージ:クラシック:ポップス:一味:体育館:弦:弦楽器:曲:楽部:演奏:立ち寄っ:落ち着い:違う,https://suishosai.netlify.com/events/L6.html
L-7,フーチコイワカ,体育祭の伝統種目、可愛子を翠翔祭で見ることができます。創作のダンスもあるので、ぜひお越しください。,体育館ステージ,有志の可愛子スタッフ:フーチコイワカ:体育館ステージ:ある:お越し:こと:でき:ダンス:伝統:体育:創作:可:愛子:種目:翠翔:見る,https://suishosai.netlify.com/events/L7.html
L-8,天使のいる音楽会,音楽部の発表はNコン曲やJポップなど、どなたでも楽しめる曲目です♩また、部員の過疎化が深刻な問題です。未経験者・伴奏者さん・ヘ音記号恐怖症者・菅田将暉・油田持ちetc、、、大歓迎です♩,体育館ステージ,音楽部:天使のいる音楽会:体育館ステージ:etc:どなた:コン:ヘ音記号:ポップ:伴奏者:問題:大歓迎:恐怖症:持ち:曲:曲目:楽し:油田:発表:経験者:菅田将暉:過疎:部員:音楽,https://suishosai.netlify.com/events/L8.html
T-1,やきそば,私たち１年生は、やきそばを食販します。初めての翠翔祭ですが、みんなで協力しておいしいやきそばを提供します。ご来店おまちしています。,翠翔みらい館前,定時制1年:やきそば:翠翔みらい館前:し:やきそば:ご来店:まち:みんな:初めて:協力:提供:私:翠翔:食販:１,https://suishosai.netlify.com/events/T1.html
T-2,鳥市民,定時制２年生の焼鳥屋、鳥市民翠嵐高校店はリーズナブルかつ信じられない程のボリュームのこだわり焼鳥を皆様にご賞味頂きたいと仕込みから頑張っております！スタッフ一同皆様のご来店を心よりお待ちしております♪,翠翔みらい館前,定時制2年:鳥市民:翠翔みらい館前:焼鳥:皆様:お待ち:こだわり:ご来店:ご賞味:スタッフ:ボリューム:リーズナブル:一同:仕込み:信じ:定時制:市民:心:程:翠嵐高校:頑張っ:鳥:２,https://suishosai.netlify.com/events/T2.html
T-3,フランクフルト,3学年は、フランクフルトを販売します。熱々でジューシーな肉汁が口の内で広がってまいう～なのでぜひ食べに来てください。,翠翔みらい館前,定時制3年:フランクフルト:翠翔みらい館前:3:ジューシー:フランクフルト:内:口:学年:広がっ:来:熱々:肉汁:販売:食べ,https://suishosai.netlify.com/events/T3.html
T-4,たこせん,定時制4年生がたこせんを作ります！関西で食べた生徒が味を再現するため、試行錯誤しました。ふわふわなタコ焼きがパリッとしたエビせんによく合いますよ！ぜひ食べに来てください。,翠翔みらい館前,定時制4年:たこせん:翠翔みらい館前:せん:食べ:4:し:たこ:ため:ふわふわ:エビ:タコ焼き:作り:再現:合い:味:定時制:来:生徒:試行錯誤:関西,https://suishosai.netlify.com/events/T4.html
T-5,定時制多文化共生委員会,定時制で学ぶ外国につながる生徒たちが、自分の国の料理を作ります。味わってみてください。数に限りがありますので、売り切れの場合はご容赦ください。,,定時制多文化共生委員会:定時制多文化共生委員会::あり:ご容赦:つながる:作り:味わっ:国:場合:売り切れ:外国:学ぶ:定時制:数:料理:生徒:自分:限り,https://suishosai.netlify.com/events/T5.html
U-1,定時制演劇部『ユダ』,定時制演劇部による創作劇『ユダ』を上演します。舞台は没落寸前の名家。屋敷で起こった宝石の盗難事件をきっかけに、人間の欲望があらわになっていく物語です。是非ご覧ください。,2棟3階 1年9組教室,定時制演劇部:定時制演劇部『ユダ』:2棟3階 1年9組教室:きっかけ:ご覧:よる:ユダ:上演:事件:人間:創作劇:名家:定時制:宝石:寸前:屋敷:欲望:没落:演劇:物語:盗難:舞台:起こっ,https://suishosai.netlify.com/events/U1.html
U-2,定時制保健委員会,保健委員では手洗いチェックや肌の具合、棒反応による瞬発力チェックなどが体験できます。ほかにはLGBTやタバコを吸い続けたら肺はどんなふうになるかなどのポスターを展示しています。,2棟2階 2年8組教室,定時制保健委員会:定時制保健委員会:2棟2階 2年8組教室:チェック:LGBT:ふう:ほか:よる:タバコ:ポスター:体験:保健:具合:反応:吸い続け:委員:展示:手洗い:棒:瞬発力:肌:肺,https://suishosai.netlify.com/events/U2.html
U-3,定時制イラスト・デザイン部,イラストに興味のある方は、ぜひのぞいてみてください。お絵かきコーナーもあります。部員一同、お待ちしています！,,定時制イラスト・デザイン部:定時制イラスト・デザイン部::あり:ある:お待ち:のぞい:イラスト:コーナー:一同:方:絵かき:興味:部員,https://suishosai.netlify.com/events/U3.html
U-4,写真展,写真部は今まで撮ってきた写真を多くの人に見てもらうために展示を行います。,,定時制写真部:写真展::写真:ため:人:多く:展示:撮っ:行い:見,https://suishosai.netlify.com/events/U4.html
U-5,Spiral road,こんにちは！定時制軽音部です！私たちＳｐｉｒａｌｒｏａｄは、６曲演奏します。曲名は当日のお楽しみに！みなさんがご存知の曲もあるので、私たちの演奏で楽しんでくれたら嬉しいです。ぜひ来て下さい！,3棟1階 テキサス,定時制軽音部:Spiral road:3棟1階 テキサス:演奏:私:ある:お楽しみ:ご存知:みなさん:定時制:当日:曲:曲名:来:楽しん:軽音:６:Ｓｐｉｒａｌｒｏａｄ,https://suishosai.netlify.com/events/U5.html
U-6,定時制合唱部青空コンサート,定時制合唱部による青空合唱です。スタジオジブリメドレー、リメンバーミー他5曲を歌います。場所は職員玄関前です！ぜひ来てください。,正門前,定時制合唱部:定時制合唱部青空コンサート:正門前:合唱:5:よる:スタジオジブリ:ミー:メドレー:リメンバー:他:場所:定時制:来:歌い:玄関:職員:青空,https://suishosai.netlify.com/events/U6.html
O-1,案内所,生徒会室で総合案内をしているゾ～。（謝罪）翠翔祭を1000％楽しんでもらうためお手伝いしているよ。激務をこなした有能な総務部が待ってるよ。困ったことがあれば遊びに来てね!!一緒にお話しよう。れっつえんじょい!!,2棟1階 生徒会室,翠実総務:案内所:2棟1階 生徒会室:1000:あれ:えん:お手伝い:お話:こと:こなし:し:じょい:ため:れっつ:ゾ:困っ:待っ:有能:来:案内:楽しん:激務:生徒会:総務:総合:翠翔:謝罪:遊び,https://suishosai.netlify.com/events/O1.html
